,name,postcode,website,website_2,name_stripped,website_3,website_4
3029309,R.B.W. DEVELOPMENTS LTD.,TQ14 8DP,Website not found,Website not found,rbwdevelopments,Website not found,Website not found
2670409,NOUVEAU'RA APPAREL LIMITED,UB4 0RA,Website not found,Website not found,nouveauraapparel,Website not found,Website not found
2475224,MIMI PARIS HOPPE LIMITED,RG27 9NN,Website not found,Website not found,mimiparishoppe,Website not found,Website not found
3008042,QUATRO HQ LIMITED,NG18 4FY,Website not found,Website not found,quatrohq,Website not found,Website not found
965152,CW 10 PARK DRIVE LIMITED,E14 5AB,Website not found,Website not found,cw10parkdrive,Website not found,Website not found
2269669,LRW SUPPLIES LIMITED,LS12 3SS,Website not found,Website not found,lrwsupplies,Website not found,Website not found
2968399,PROLOGUE MEDIA LIMITED,RG29 1PD,Website not found,Website not found,prologuemedia,Website not found,Website not found
976549,D J PALFREY SERVICES LTD,RM7 8AU,Website not found,Website not found,djpalfreyservices,Website not found,Website not found
3036941,RADIANT CLINICS LIMITED,L40 0SD,http://www.radiantskinclinic.co.uk/,http://www.radiantliving.co.uk/,radiantclinics,Website not found,http://www.radiantliving.co.uk/
977514,D M D BUILDING & ROOFING SERVICES LTD,NR2 4TW,Website not found,Website not found,dmdbuildingroofingservices,Website not found,Website not found
472531,BERKUT IMPEX LP,ML11 0QW,Website not found,Website not found,berkutimpex,Website not found,Website not found
1884158,IT PROJECTIONS LIMITED,LS3 1BQ,Website not found,Website not found,itprojections,Website not found,http://www.propertyprojections.co.uk/
839892,CNK CONSULTANCY LIMITED,KT3 6DQ,Website not found,Website not found,cnkconsultancy,Website not found,Website not found
420351,BARKLEY ADVISORY LIMITED,SG4 0TW,Website not found,Website not found,barkleyadvisory,Website not found,Website not found
621585,BUILDVALE LIMITED,FK6 6QY,http://www.buildvale.co.uk/,http://www.buildvale.co.uk/,buildvale,Website not found,Website not found
1696836,HENNIE PENNY'S CHICKEN (CLECKHEATON) LIMITED,BD19 3TT,http://www.henniepennyschicken.co.uk/?utm_source=google&utm_medium=organic&utm_campaign=google%20places,http://www.henniepennyschicken.co.uk/?utm_source=google&utm_medium=organic&utm_campaign=google%20places,henniepennyschickencleckheaton,http://www.henniepennyschicken.co.uk/?utm_source=google&utm_medium=organic&utm_campaign=google%20places,http://www.henniepennyschicken.co.uk/?utm_source=google&utm_medium=organic&utm_campaign=google%20places
2481191,MIR POINT LIMITED,SE2 9PJ,Website not found,Website not found,mirpoint,Website not found,Website not found
3628014,TEH INTERNETS LIMITED,IV2 5GJ,Website not found,Website not found,tehinternets,Website not found,Website not found
3361946,SINA UZ LTD,M4 6AG,Website not found,Website not found,sinauz,Website not found,Website not found
2169399,LEAMORE HOLDINGS LIMITED,WS2 7QZ,Website not found,Website not found,leamoreholdings,Website not found,Website not found
743458,CFHX LIMITED,LE15 6QQ,Website not found,Website not found,cfhx,Website not found,Website not found
1995280,JOYINFOTECH LIMITED,HA2 9EU,Website not found,Website not found,joyinfotech,Website not found,Website not found
373706,AVERY ACCIDENT REPAIR SPECIALISTS LTD,SO40 2NA,http://www.woopzavery.com/,http://www.woopzavery.com/,averyaccidentrepairspecialists,Website not found,Website not found
3828825,TRIGGERBUDDY LTD,SW19 2RR,Website not found,Website not found,triggerbuddy,Website not found,Website not found
1729455,HN FOODS LIMITED,AL1 3RD,Website not found,Website not found,hnfoods,Website not found,Website not found
3027783,R. BROCKIE (CONTRACTING) LIMITED,EH45 8PP,Website not found,Website not found,rbrockiecontracting,Website not found,Website not found
3977745,WALTON PARK SPORTS CENTRE LIMITED,M33 4AG,http://www.wpifc.org.uk/,http://www.wpifc.org.uk/,waltonparksportscentre,http://www.wpifc.org.uk/,http://www.wpifc.org.uk/
737880,CENTRALIS LIMITED,EC4N 6EU,Website not found,http://www.centralis.co.uk/,centralis,http://www.centralis.co.uk/,http://www.centralis.co.uk/
3135206,RIVERPLACE HOMES LIMITED,HA1 1BQ,Website not found,Website not found,riverplacehomes,Website not found,Website not found
3203400,S & I PROPERTIES LIMITED,BT70 1SS,Website not found,Website not found,siproperties,Website not found,Website not found
3848423,TURNAIR SERVICES LTD,LU5 6LZ,http://www.turnairservices.org.uk/,http://www.turnairservices.org.uk/,turnairservices,http://www.turnairservices.org.uk/,http://www.turnairservices.org.uk/
562272,BOYLEMAN & CO. LTD,N1 9LQ,Website not found,Website not found,boylemanco,Website not found,Website not found
1837754,INHERTS DESIGN LIMITED,AL9 7NZ,Website not found,Website not found,inhertsdesign,Website not found,Website not found
443061,BEACON FINANCIAL MANAGEMENT LTD.,N18 2UL,Website not found,Website not found,beaconfinancialmanagement,Website not found,Website not found
3846499,TUMBLE TOWN PLAY CENTRE LIMITED,NG5 7DS,http://tumbletownplaycentre.co.uk/,http://tumbletownplaycentre.co.uk/,tumbletownplaycentre,http://tumbletownplaycentre.co.uk/,http://tumbletownplaycentre.co.uk/
2358377,MARINER COMMUNICATIONS LIMITED,BN1 6SB,Website not found,Website not found,marinercommunications,Website not found,Website not found
1573975,GRANITE BUILDING COMPANY LIMITED,LE12 7TZ,Website not found,Website not found,granitebuildingcompany,Website not found,Website not found
2636770,NII NOI CREATIVE SOLUTIONS LTD,RM12 5AJ,Website not found,Website not found,niinoicreativesolutions,Website not found,Website not found
809893,CLARA'S SHOP LIMITED,YO21 3NR,Website not found,Website not found,clarasshop,Website not found,Website not found
2126612,L&K MEDI-REC COLLATIVE SERVICES LTD,CW8 4TE,Website not found,Website not found,lkmedireccollativeservices,Website not found,Website not found
3900817,UTTA TRADING LTD,N1 7GU,Website not found,Website not found,uttatrading,Website not found,Website not found
1761396,"HOXTON VENTURES II, C.V. L.P.",EH3 9WJ,Website not found,Website not found,hoxtonventuresiicvlp,Website not found,Website not found
3436560,SOVEREIGN LOANS LIMITED,SE5 8RS,Website not found,Website not found,sovereignloans,Website not found,Website not found
3410766,SOFTWARE TESTING CONSULTANTS LTD,DH9 8TQ,Website not found,Website not found,softwaretestingconsultants,Website not found,Website not found
412819,BANDA SPORTSWEAR LIMITED,NR16 1EY,Website not found,Website not found,bandasportswear,Website not found,Website not found
982307,D-CIPHER SOFTWARE LIMITED,PR2 9LY,Website not found,Website not found,dciphersoftware,Website not found,Website not found
112942,AC GARDEN MACHINERY LTD,RM15 5BF,Website not found,Website not found,acgardenmachinery,Website not found,Website not found
2189251,LEVELCOMP LIMITED,EN11 0QN,Website not found,Website not found,levelcomp,Website not found,Website not found
2724303,ONE TEN GLOBAL LTD,IG1 1LL,Website not found,Website not found,onetenglobal,Website not found,Website not found
2789442,PANTA EDIL LONDON LIMITED,W5 3UJ,Website not found,Website not found,pantaedillondon,Website not found,Website not found
1254426,ENTRUST ENGAGE INTERNATIONAL LIMITED,EC1V 3QJ,Website not found,Website not found,entrustengageinternational,Website not found,Website not found
2725723,ONESPACEMAN LTD.,KY7 5NA,Website not found,Website not found,onespaceman,Website not found,Website not found
1612059,GULAHMAD FASHIONS LTD,OL16 1PN,Website not found,Website not found,gulahmadfashions,Website not found,Website not found
2820967,PC CLINICAL SERVICES LIMITED,SL6 4UY,Website not found,Website not found,pcclinicalservices,Website not found,Website not found
2115725,KTIMAGING LIMITED,SO14 2AA,Website not found,Website not found,ktimaging,Website not found,Website not found
3016474,R & C WILLIAMS LIMITED,B24 8NP,http://www.randcwilliams.ltd.uk/,http://www.randcwilliams.ltd.uk/,rcwilliams,http://www.randcwilliams.ltd.uk/,http://www.randcwilliams.ltd.uk/
1002118,DANNY PIG LIMITED,LS28 5JA,Website not found,Website not found,dannypig,Website not found,Website not found
1643296,HANDCODED SOFTWARE LIMITED,RG6 4AZ,Website not found,Website not found,handcodedsoftware,Website not found,Website not found
1459971,G&M DIRECT CARS LIMITED,W5 1DT,https://www.g-star.com/?utm_source=googlemybusiness&utm_medium=organic&utm_campaign=GB_G-StarRAWStore_LondonWhiteCity&utm_content=listing,https://www.g-star.com/?utm_source=googlemybusiness&utm_medium=organic&utm_campaign=GB_G-StarRAWStore_LondonWhiteCity&utm_content=listing,gmdirectcars,Website not found,https://www.g-star.com/?utm_source=googlemybusiness&utm_medium=organic&utm_campaign=GB_G-StarRAWStore_LondonWhiteCity&utm_content=listing
598502,BROCKENHURST RESIDENTS ASSOCIATION LIMITED,RH14 0JG,Website not found,Website not found,brockenhurstresidentsassociation,Website not found,Website not found
1555797,GOOD ENERGY TIDAL LIMITED,SN15 1EE,Website not found,Website not found,goodenergytidal,Website not found,Website not found
923848,CRAM ELECTRICAL LIMITED,ML3 0QQ,Website not found,Website not found,cramelectrical,Website not found,Website not found
3709352,THE OLD CO-OP CAFE BAR (CONSETT) LIMITED,DH8 5LQ,Website not found,Website not found,theoldcoopcafebarconsett,Website not found,Website not found
2813412,PAUL HUGHES ENGINEERING LTD,BT34 4XF,Website not found,Website not found,paulhughesengineering,Website not found,Website not found
1089999,DIVERS IT LIMITED,G77 6GN,Website not found,Website not found,diversit,Website not found,Website not found
7659,1200 PLUS LIMITED,SE22 8TP,Website not found,Website not found,1200plus,Website not found,Website not found
1228082,ELSA CONTRACTS LIMITED,FK6 6DJ,Website not found,Website not found,elsacontracts,Website not found,Website not found
468691,BENSON DENTAL PRACTICE LIMITED,B15 2LD,http://www.sabensondental.co.uk/,http://www.sabensondental.co.uk/,bensondentalpractice,Website not found,Website not found
2622468,NEWPARK FARMS LIMITED,BT78 3JY,Website not found,Website not found,newparkfarms,Website not found,Website not found
1059501,DESKS INTERNATIONAL LIMITED,BT2 7JD,http://www.desksinternational.com/,http://www.desksinternational.com/,desksinternational,http://www.desksinternational.com/,http://www.desksinternational.com/
1798731,ICONIC TRADE EVENTS LTD,WC1B 3QJ,Website not found,Website not found,iconictradeevents,Website not found,Website not found
3628389,TEJASVI TECHNOLOGIES LTD,TW13 4FD,Website not found,Website not found,tejasvitechnologies,Website not found,Website not found
471164,BERKELEY BURKE SHELDON MONK LIMITED,LE1 7BR,http://www.berkeleyburke.com/,http://www.berkeleyburke.com/,berkeleyburkesheldonmonk,Website not found,http://www.berkeleyburke.com/
2199546,LIFE SHAPES LTD,SE17 1JE,http://www.lifeshapes.co.uk/,http://www.lifeshapes.co.uk/,lifeshapes,http://www.lifeshapes.co.uk/,Website not found
204512,ALI PARVIZI LIMITED,GL52 2BD,Website not found,Website not found,aliparvizi,Website not found,Website not found
3572147,SYDNEY ANALYSTS LIMITED,WA14 4RW,Website not found,Website not found,sydneyanalysts,Website not found,Website not found
3205344,S A HOLMES LIMITED,PR2 3AQ,Website not found,Website not found,saholmes,Website not found,Website not found
3062905,RDB PROJECTS LIMITED,BB4 7TU,Website not found,Website not found,rdbprojects,Website not found,Website not found
1196026,EDUC8 LEARNING LIMITED,SK6 2SR,Website not found,Website not found,educ8learning,Website not found,Website not found
1915541,J.T. & E. CASTINGS LIMITED,WN1 2SA,http://www.jte-castings.co.uk/,http://www.jte-castings.co.uk/,jtecastings,http://www.jte-castings.co.uk/,http://www.jte-castings.co.uk/
1794185,IBIS BUDGET LEEDS CENTRE LIMITED,W6 7AP,Website not found,Website not found,ibisbudgetleedscentre,Website not found,Website not found
911178,COUNTRY HOMES UK LIMITED,CM16 5BD,Website not found,http://www.fineandcountry.com/,countryhomesuk,Website not found,Website not found
2892475,PLANNING & PARTY WALL SERVICES LIMITED,E12 5EL,http://www.nathanbuildingconsultants.co.uk/,http://www.nathanbuildingconsultants.co.uk/,planningpartywallservices,Website not found,http://www.nathanbuildingconsultants.co.uk/
151195,ADVENT WELFARE LIMITED,RH12 3JJ,Website not found,Website not found,adventwelfare,Website not found,Website not found
121660,ACE TYRES 4U LIMITED,HA1 2QD,Website not found,Website not found,acetyres4u,Website not found,Website not found
3811972,TRAFALGAR HOLDCO LIMITED,SE10 9NL,Website not found,Website not found,trafalgarholdco,Website not found,Website not found
745290,CH ENERGY LTD.,CM2 0AP,Website not found,Website not found,chenergy,Website not found,Website not found
2604931,NESTED FOX LIMITED,EH6 5AY,Website not found,Website not found,nestedfox,Website not found,Website not found
894020,COOPERS RECOVERY LTD,HP19 8DB,Website not found,Website not found,coopersrecovery,Website not found,Website not found
2220238,LITT UP LTD,W1B 3HH,Website not found,Website not found,littup,Website not found,Website not found
617106,BUCKINGHAM PUBS LIMITED,PO5 3HU,Website not found,Website not found,buckinghampubs,Website not found,Website not found
3614909,TC DISTRIBUTION LIMITED,GU1 2ST,Website not found,Website not found,tcdistribution,Website not found,Website not found
817476,CLC EVENTS LTD,SP4 0AB,Website not found,Website not found,clcevents,Website not found,Website not found
1498450,GENTSA LIMITED,CO6 3PX,Website not found,Website not found,gentsa,Website not found,Website not found
1442909,FULLSPEED SERVICES LP,EH5 1BN,Website not found,Website not found,fullspeedservices,Website not found,Website not found
132642,ACUMU IT LIMITED,E3 3AY,Website not found,Website not found,acumuit,Website not found,Website not found
1598473,GRILL N GRILL LIMITED,EC1Y 0UJ,http://grillnpizza.com/,Website not found,grillngrill,Website not found,Website not found
1980353,JOHN FAUSSET LIMITED,FY6 0HE,http://johnfausset.co.uk/,http://johnfausset.co.uk/,johnfausset,http://johnfausset.co.uk/,http://johnfausset.co.uk/
2952842,PRISENGINEERING LTD,WV4 5AP,Website not found,Website not found,prisengineering,Website not found,Website not found
841492,COAL FACE DEVELOPMENT LIMITED,NE2 4PQ,Website not found,Website not found,coalfacedevelopment,https://www.coalface.co.uk/,https://www.coalface.co.uk/
